.metric,.estimator,.estimate
rmse,standard,0.2368302306564602
rsq,standard,0.866422437179597
mae,standard,0.20668144421643078
